FarmID,Crop,Region,Latitude,Longitude,SoilType,Area_Hectares,Rainfall_mm,Fertilizer_kg,Yield_Tons,YieldGrade
401,Groundnut,Vellore,12.9734,79.173,Laterite_Soil,21.16,1785.6,289.7,6.35,B
402,Groundnut,Cuddalore,11.7563,79.8579,Red_Soil,9.59,1219.5,242.3,1.61,D
403,Banana,Salem,11.7225,78.1271,Laterite_Soil,15.59,447.7,159.3,4.65,C
404,Cotton,Erode,11.198,77.7895,Red_Soil,3.56,1699.1,174.6,6.1,B
405,Chilli,Vellore,12.9119,79.0386,Red_Soil,12.01,1548.2,75.3,1.67,D
406,Cashew,Madurai,9.8119,78.1127,Laterite_Soil,5.43,1692.4,134.7,11.18,A
407,Onion,Dindigul,10.3628,77.9149,Laterite_Soil,9.97,437.6,221.1,1.89,D
408,Ragi,Coimbatore,11.0143,76.9709,Sandy_Soil,5.94,1252.5,194.3,7.31,B
409,Groundnut,Thanjavur,10.8249,79.2379,Alluvial_Soil,8.99,1236.1,48.9,4.39,C
410,Sugarcane,Thanjavur,10.8701,79.1003,Red_Soil,17.06,1658.2,134.0,12.01,A
411,Groundnut,Theni,9.8647,77.4308,Sandy_Soil,9.7,746.1,65.4,11.05,A
412,Sugarcane,Dindigul,10.454,78.0517,Laterite_Soil,1.91,803.2,204.4,10.78,A
413,Wheat,Vellore,12.8411,79.1009,Alluvial_Soil,16.31,604.6,224.0,2.57,D
414,Wheat,Tiruchirappalli,10.6824,78.7498,Laterite_Soil,1.19,696.9,242.7,10.61,A
415,Onion,Theni,10.0922,77.4721,Laterite_Soil,8.05,1148.1,235.1,4.03,C
416,Rice,Vellore,12.9721,79.2687,Red_Soil,6.98,856.6,287.6,3.72,C
417,Sunflower,Tiruchirappalli,10.8454,78.7802,Black_Soil,3.77,532.8,27.1,1.9,D
418,Pulses,Thanjavur,10.6586,79.0235,Alluvial_Soil,3.6,1154.1,158.3,4.59,C
419,Banana,Theni,9.9102,77.382,Laterite_Soil,5.44,1441.9,189.1,9.66,A
420,Coffee,Coimbatore,11.104,76.8081,Laterite_Soil,21.68,957.1,259.2,7.43,B
421,Banana,Tiruchirappalli,10.9297,78.7363,Red_Soil,6.5,618.6,297.3,9.3,A
422,Coffee,Cuddalore,11.745,79.7933,Sandy_Soil,15.23,1111.5,290.8,9.39,A
423,Coconut,Tiruchirappalli,10.8503,78.7124,Sandy_Soil,5.14,1263.0,76.4,4.61,C
424,Sugarcane,Erode,11.3884,77.6933,Red_Soil,16.47,1277.2,293.7,10.25,A
425,Coffee,Theni,10.1445,77.5308,Laterite_Soil,12.04,1118.2,39.7,11.05,A
426,Rice,Coimbatore,11.0653,76.8184,Alluvial_Soil,17.75,1544.2,147.7,9.27,A
427,Banana,Vellore,12.8821,79.1285,Red_Soil,1.42,642.0,189.3,5.16,C
428,Millet,Dindigul,10.4004,78.0471,Sandy_Soil,17.63,1356.2,276.7,3.67,C
429,Tomato,Tiruchirappalli,10.8249,78.8022,Red_Soil,4.47,682.9,220.6,11.05,A
430,Sugarcane,Cuddalore,11.6506,79.7781,Sandy_Soil,23.62,1439.3,50.3,6.21,B
431,Groundnut,Vellore,12.8282,79.0831,Sandy_Soil,17.2,765.2,110.2,11.93,A
432,Turmeric,Thanjavur,10.9069,79.1399,Black_Soil,15.15,788.4,283.4,5.23,C
433,Pulses,Vellore,12.8976,79.1676,Alluvial_Soil,16.9,1334.7,47.7,8.07,B
434,Millet,Coimbatore,10.972,76.9946,Alluvial_Soil,0.97,1101.7,190.2,1.26,D
435,Pulses,Salem,11.8115,78.2785,Black_Soil,2.82,832.5,270.4,6.11,B
436,Onion,Thanjavur,10.6775,79.2253,Laterite_Soil,13.47,468.8,132.8,2.99,D
437,Tea,Salem,11.5818,78.2367,Sandy_Soil,23.17,1637.0,183.0,1.01,D
438,Sugarcane,Vellore,13.0364,79.2066,Black_Soil,4.23,1096.3,170.0,6.96,B
439,Ragi,Dindigul,10.4162,78.0223,Black_Soil,7.11,894.4,195.6,4.29,C
440,Sugarcane,Madurai,9.8311,77.9992,Black_Soil,9.32,893.3,183.9,2.7,D
441,Turmeric,Vellore,12.814,79.0137,Alluvial_Soil,13.69,971.8,223.8,8.88,B
442,Coffee,Vellore,12.79,79.2307,Black_Soil,12.82,1418.8,197.2,7.9,B
443,Groundnut,Coimbatore,11.0797,76.9539,Black_Soil,21.67,1018.1,98.3,1.02,D
444,Wheat,Salem,11.7186,78.1904,Sandy_Soil,13.56,1671.9,129.2,12.15,A
445,Pulses,Erode,11.1944,77.6728,Sandy_Soil,7.0,435.0,229.6,5.2,C
446,Groundnut,Cuddalore,11.7482,79.7452,Black_Soil,24.95,1176.8,227.2,9.87,A
447,Onion,Madurai,9.8472,78.1496,Alluvial_Soil,13.73,1541.0,56.7,5.04,C
448,Rice,Vellore,13.0529,79.2091,Black_Soil,18.67,697.7,123.7,7.03,B
449,Coffee,Tiruchirappalli,10.6774,78.6267,Laterite_Soil,15.53,1050.4,73.4,6.59,B
450,Millet,Tiruchirappalli,10.6958,78.8028,Black_Soil,12.49,771.7,148.5,7.09,B
451,Wheat,Erode,11.3669,77.808,Black_Soil,18.41,1790.8,130.2,5.21,C
452,Rice,Theni,9.9494,77.5765,Laterite_Soil,5.32,718.2,247.5,9.39,A
453,Ragi,Coimbatore,10.8749,77.0807,Black_Soil,12.75,1046.1,196.0,5.36,C
454,Mango,Madurai,10.0348,78.1952,Alluvial_Soil,16.57,1428.0,55.0,6.17,B
455,Millet,Theni,10.1147,77.594,Red_Soil,18.78,748.2,230.5,2.32,D
456,Turmeric,Madurai,9.9799,78.0585,Black_Soil,13.09,587.5,158.7,9.82,A
457,Wheat,Erode,11.4674,77.724,Red_Soil,5.23,597.4,215.0,1.48,D
458,Sunflower,Coimbatore,10.9038,77.07,Sandy_Soil,1.02,1414.6,144.3,7.76,B
459,Coffee,Cuddalore,11.8867,79.7336,Red_Soil,16.08,912.0,231.4,4.85,C
460,Pulses,Cuddalore,11.7739,79.7531,Black_Soil,0.99,1300.5,82.0,6.12,B
461,Cashew,Theni,10.0851,77.4303,Black_Soil,4.54,1518.7,111.9,4.63,C
462,Millet,Coimbatore,11.0038,76.8664,Red_Soil,15.79,1586.3,51.3,3.39,C
463,Tea,Madurai,9.9638,78.0065,Red_Soil,5.48,1379.5,43.8,7.1,B
464,Banana,Salem,11.6941,78.0249,Black_Soil,11.08,1504.0,215.6,11.66,A
465,Rice,Vellore,12.8573,79.0779,Alluvial_Soil,22.17,984.8,33.0,7.55,B
466,Tomato,Theni,10.005,77.3382,Red_Soil,19.59,759.7,93.3,6.32,B
467,Groundnut,Tiruchirappalli,10.7428,78.7539,Alluvial_Soil,10.04,1521.7,100.4,1.42,D
468,Sugarcane,Dindigul,10.3098,78.0574,Black_Soil,8.14,946.7,209.6,3.96,C
469,Banana,Coimbatore,10.9791,77.0654,Laterite_Soil,13.06,548.8,81.0,12.18,A
470,Onion,Salem,11.5283,78.1838,Sandy_Soil,8.59,661.2,139.1,11.49,A
471,Millet,Thanjavur,10.6465,79.0521,Alluvial_Soil,0.82,1482.9,289.9,10.75,A
472,Banana,Erode,11.3495,77.6798,Alluvial_Soil,17.68,1658.6,123.2,2.92,D
473,Maize,Erode,11.3014,77.838,Black_Soil,7.55,1450.0,225.8,8.95,B
474,Sugarcane,Coimbatore,10.9406,77.1048,Alluvial_Soil,14.22,1549.6,222.0,9.96,A
475,Rice,Theni,9.9423,77.4069,Sandy_Soil,19.28,722.8,26.8,2.22,D
476,Millet,Vellore,13.06,79.1323,Sandy_Soil,5.69,633.5,126.6,11.36,A
477,Coconut,Thanjavur,10.7928,79.0023,Red_Soil,18.98,632.3,152.5,2.1,D
478,Sugarcane,Erode,11.2244,77.7203,Alluvial_Soil,16.49,1621.1,234.7,4.21,C
479,Tea,Madurai,9.859,77.9715,Laterite_Soil,20.96,1771.2,195.1,3.81,C
480,Chilli,Tiruchirappalli,10.8944,78.5952,Alluvial_Soil,16.46,1282.3,65.1,3.2,C
481,Sugarcane,Tiruchirappalli,10.8788,78.6032,Alluvial_Soil,1.56,1504.8,161.3,8.91,B
482,Wheat,Coimbatore,10.9188,76.9778,Sandy_Soil,6.18,579.5,220.8,4.57,C
483,Mango,Salem,11.5436,78.2746,Alluvial_Soil,10.6,856.9,127.5,9.31,A
484,Coconut,Coimbatore,10.94,76.9022,Alluvial_Soil,20.62,1477.7,287.7,3.02,C
485,Mango,Dindigul,10.3507,78.0273,Black_Soil,5.08,1262.2,266.5,12.29,A
486,Ragi,Madurai,10.0457,78.1364,Black_Soil,20.52,1673.2,22.5,8.01,B
487,Rice,Tiruchirappalli,10.7968,78.7712,Red_Soil,15.93,487.7,290.3,11.93,A
488,Pulses,Madurai,9.9474,78.0788,Sandy_Soil,21.65,1503.1,94.3,6.52,B
489,Cashew,Tiruchirappalli,10.8323,78.8463,Alluvial_Soil,2.19,1676.2,135.1,2.67,D
490,Chilli,Cuddalore,11.6765,79.7271,Sandy_Soil,18.75,915.4,275.2,6.77,B
491,Millet,Salem,11.6523,78.1378,Sandy_Soil,21.0,1321.2,236.0,6.34,B
492,Cashew,Erode,11.286,77.7441,Laterite_Soil,13.59,1453.5,279.8,8.2,B
493,Turmeric,Salem,11.7158,78.2891,Sandy_Soil,24.01,631.6,72.0,11.84,A
494,Ragi,Vellore,12.9455,79.0636,Sandy_Soil,6.8,1611.7,196.0,8.33,B
495,Cotton,Tiruchirappalli,10.8094,78.5735,Sandy_Soil,4.67,415.7,161.7,9.8,A
496,Banana,Vellore,12.9761,79.2815,Laterite_Soil,6.89,1369.4,24.3,5.85,C
497,Coconut,Vellore,12.8919,79.25,Alluvial_Soil,23.32,1281.5,157.7,10.83,A
498,Cashew,Salem,11.5322,78.1047,Alluvial_Soil,24.04,1141.5,93.8,6.81,B
499,Groundnut,Salem,11.7734,78.027,Black_Soil,4.69,1213.7,167.4,4.49,C
500,Mango,Madurai,9.7853,77.9852,Laterite_Soil,20.74,1195.7,288.9,2.93,D
501,Tomato,Tiruchirappalli,10.7796,78.5673,Black_Soil,4.08,1711.0,195.2,5.25,C
502,Groundnut,Vellore,13.0072,79.0975,Red_Soil,16.96,686.4,70.3,6.81,B
503,Cotton,Erode,11.2029,77.8571,Alluvial_Soil,13.95,1513.9,43.5,6.38,B
504,Tomato,Coimbatore,11.0922,77.0984,Sandy_Soil,14.61,605.8,44.9,6.84,B
505,Cotton,Dindigul,10.3319,78.0163,Laterite_Soil,19.16,1637.7,135.2,10.18,A
506,Wheat,Theni,9.94,77.4685,Alluvial_Soil,14.57,1183.2,283.0,3.52,C
507,Sunflower,Vellore,13.0344,79.2496,Black_Soil,8.17,1577.5,250.8,4.13,C
508,Pulses,Coimbatore,11.1553,76.8329,Alluvial_Soil,2.21,564.4,203.0,6.63,B
509,Chilli,Vellore,12.8653,79.0507,Alluvial_Soil,2.35,1589.1,230.0,2.87,D
510,Sugarcane,Salem,11.6258,78.1173,Sandy_Soil,24.17,1118.9,273.0,6.54,B
511,Maize,Madurai,10.0163,78.0895,Laterite_Soil,5.18,1515.1,249.0,3.47,C
512,Rice,Thanjavur,10.8315,79.0486,Alluvial_Soil,15.17,1237.0,178.9,9.41,A
513,Tomato,Tiruchirappalli,10.8923,78.8025,Alluvial_Soil,21.99,1467.4,231.7,1.22,D
514,Banana,Dindigul,10.4516,77.9464,Red_Soil,9.66,1068.8,27.1,8.45,B
515,Tea,Thanjavur,10.6469,79.1332,Sandy_Soil,9.99,1723.5,231.6,6.23,B
516,Sugarcane,Theni,10.116,77.5713,Red_Soil,6.92,844.4,31.7,2.95,D
517,Mango,Thanjavur,10.8077,79.2362,Sandy_Soil,21.29,944.1,241.3,6.92,B
518,Sugarcane,Tiruchirappalli,10.7703,78.7462,Red_Soil,19.95,885.5,239.5,6.35,B
519,Turmeric,Madurai,9.9209,78.1599,Alluvial_Soil,6.47,1331.5,63.9,3.34,C
520,Ragi,Vellore,13.0509,79.0318,Sandy_Soil,0.87,1771.6,40.1,11.8,A
521,Groundnut,Tiruchirappalli,10.8894,78.5964,Sandy_Soil,5.98,1690.5,76.4,8.23,B
522,Onion,Dindigul,10.3065,78.079,Black_Soil,16.37,795.8,98.4,8.65,B
523,Onion,Vellore,12.8777,79.243,Sandy_Soil,5.0,1586.8,174.0,4.79,C
524,Turmeric,Salem,11.6729,78.1868,Sandy_Soil,21.05,708.6,114.9,7.8,B
525,Tea,Coimbatore,11.0897,76.8203,Red_Soil,20.09,619.5,146.9,8.67,B
526,Coffee,Thanjavur,10.8864,79.1435,Laterite_Soil,17.27,718.9,297.5,7.0,B
527,Tea,Coimbatore,10.9692,76.8415,Sandy_Soil,24.48,996.8,282.2,3.91,C
528,Coconut,Coimbatore,10.9454,76.8974,Black_Soil,2.14,868.1,116.4,9.31,A
529,Groundnut,Vellore,12.8738,79.2286,Black_Soil,20.41,1116.9,247.7,12.21,A
530,Mango,Dindigul,10.4704,77.8433,Black_Soil,2.37,1638.5,234.7,10.25,A
531,Coconut,Cuddalore,11.8698,79.8819,Laterite_Soil,24.53,513.0,179.9,5.23,C
532,Banana,Cuddalore,11.6151,79.7186,Alluvial_Soil,17.09,1515.2,25.8,7.82,B
533,Rice,Vellore,12.8574,79.0169,Black_Soil,17.29,1413.3,86.5,1.16,D
534,Sunflower,Madurai,10.0673,78.1742,Black_Soil,15.74,508.2,42.0,1.0,D
535,Ragi,Vellore,12.9502,79.0225,Laterite_Soil,22.58,677.1,257.6,9.93,A
536,Wheat,Theni,10.0806,77.5468,Black_Soil,19.63,834.7,195.5,8.1,B
537,Coffee,Madurai,9.8644,78.0932,Laterite_Soil,2.15,1228.1,171.0,9.77,A
538,Sunflower,Tiruchirappalli,10.9227,78.567,Black_Soil,24.5,581.0,198.4,11.32,A
539,Pulses,Madurai,9.8623,78.1854,Sandy_Soil,9.07,1397.5,45.3,7.02,B
540,Wheat,Tiruchirappalli,10.7082,78.6337,Laterite_Soil,21.96,1595.4,257.2,5.1,C
541,Maize,Erode,11.3565,77.6969,Black_Soil,20.37,886.7,48.8,6.0,B
542,Onion,Coimbatore,10.9266,77.0252,Black_Soil,11.74,1295.6,162.5,10.2,A
543,Turmeric,Dindigul,10.3818,77.8675,Red_Soil,24.43,905.2,99.8,5.88,C
544,Onion,Tiruchirappalli,10.9097,78.7931,Black_Soil,9.44,1236.6,110.8,6.41,B
545,Ragi,Tiruchirappalli,10.6593,78.6469,Laterite_Soil,22.11,611.9,26.5,7.91,B
546,Turmeric,Cuddalore,11.6786,79.7383,Laterite_Soil,13.71,1315.6,242.6,11.03,A
547,Banana,Madurai,10.0614,78.1032,Alluvial_Soil,18.18,574.0,257.1,7.41,B
548,Coconut,Theni,9.896,77.3879,Red_Soil,2.11,405.1,114.6,12.44,A
549,Wheat,Dindigul,10.4397,77.9848,Alluvial_Soil,13.47,1257.2,54.9,11.65,A
550,Millet,Tiruchirappalli,10.8766,78.7369,Laterite_Soil,0.59,1414.5,260.1,8.14,B
